image,class
v_clear_c0_0.jpg,clear
v_clear_c0_1.jpg,clear
v_clear_c0_2.jpg,clear
v_clear_c0_3.jpg,clear
v_clear_c0_4.jpg,clear
v_clear_c0_5.jpg,clear
v_clear_c0_6.jpg,clear
v_clear_c0_7.jpg,clear
v_clear_c0_8.jpg,clear
v_clear_c0_9.jpg,clear
v_clear_c0_10.jpg,clear
v_clear_c0_11.jpg,clear
v_clear_c0_12.jpg,clear
v_clear_c0_13.jpg,clear
v_clear_c0_14.jpg,clear
v_clear_c0_15.jpg,clear
v_clear_c0_16.jpg,clear
v_clear_c0_17.jpg,clear
v_clear_c0_18.jpg,clear
v_clear_c0_19.jpg,clear
v_clear_c0_20.jpg,clear
v_clear_c0_21.jpg,clear
v_clear_c0_22.jpg,clear
v_clear_c0_23.jpg,clear
v_clear_c0_24.jpg,clear
v_clear_c0_25.jpg,clear
v_clear_c1_26.jpg,clear
v_clear_c1_27.jpg,clear
v_clear_c1_28.jpg,clear
v_clear_c1_29.jpg,clear
v_clear_c1_30.jpg,clear
v_clear_c1_31.jpg,clear
v_clear_c1_32.jpg,clear
v_clear_c1_33.jpg,clear
v_clear_c1_34.jpg,clear
v_clear_c1_35.jpg,clear
v_clear_c1_36.jpg,clear
v_clear_c1_37.jpg,clear
v_clear_c1_38.jpg,clear
v_clear_c1_39.jpg,clear
v_clear_c1_40.jpg,clear
v_clear_c1_41.jpg,clear
v_clear_c1_42.jpg,clear
v_clear_c1_43.jpg,clear
v_clear_c1_44.jpg,clear
v_clear_c1_45.jpg,clear
v_clear_c1_46.jpg,clear
v_clear_c1_47.jpg,clear
v_clear_c1_48.jpg,clear
v_clear_c1_49.jpg,clear
v_clear_c1_50.jpg,clear
v_clear_c1_51.jpg,clear
v_clear_c2_52.jpg,clear
v_clear_c2_53.jpg,clear
v_clear_c2_54.jpg,clear
v_clear_c2_55.jpg,clear
v_clear_c2_56.jpg,clear
v_clear_c2_57.jpg,clear
v_clear_c2_58.jpg,clear
v_clear_c2_59.jpg,clear
v_clear_c2_60.jpg,clear
v_clear_c2_61.jpg,clear
v_clear_c2_62.jpg,clear
v_clear_c2_63.jpg,clear
v_clear_c2_64.jpg,clear
v_clear_c2_65.jpg,clear
v_clear_c2_66.jpg,clear
v_clear_c2_67.jpg,clear
v_clear_c2_68.jpg,clear
v_clear_c2_69.jpg,clear
v_clear_c2_70.jpg,clear
v_clear_c2_71.jpg,clear
v_clear_c2_72.jpg,clear
v_clear_c2_73.jpg,clear
v_clear_c2_74.jpg,clear
v_clear_c2_75.jpg,clear
v_clear_c2_76.jpg,clear
v_clear_c2_77.jpg,clear
v_clear_c3_78.jpg,clear
v_clear_c3_79.jpg,clear
v_clear_c3_80.jpg,clear
v_clear_c3_81.jpg,clear
v_clear_c3_82.jpg,clear
v_clear_c3_83.jpg,clear
v_clear_c3_84.jpg,clear
v_clear_c3_85.jpg,clear
v_clear_c3_86.jpg,clear
v_clear_c3_87.jpg,clear
v_clear_c3_88.jpg,clear
v_clear_c3_89.jpg,clear
v_clear_c3_90.jpg,clear
v_clear_c3_91.jpg,clear
v_clear_c3_92.jpg,clear
v_clear_c3_93.jpg,clear
v_clear_c3_94.jpg,clear
v_clear_c3_95.jpg,clear
v_clear_c3_96.jpg,clear
v_clear_c3_97.jpg,clear
v_clear_c3_98.jpg,clear
v_clear_c3_99.jpg,clear
v_clear_c3_100.jpg,clear
v_clear_c3_101.jpg,clear
v_clear_c3_102.jpg,clear
v_clear_c3_103.jpg,clear
v_clear_c4_104.jpg,clear
v_clear_c4_105.jpg,clear
v_clear_c4_106.jpg,clear
v_clear_c4_107.jpg,clear
v_clear_c4_108.jpg,clear
v_clear_c4_109.jpg,clear
v_clear_c4_110.jpg,clear
v_clear_c4_111.jpg,clear
v_clear_c4_112.jpg,clear
v_clear_c4_113.jpg,clear
v_clear_c4_114.jpg,clear
v_clear_c4_115.jpg,clear
v_clear_c4_116.jpg,clear
v_clear_c4_117.jpg,clear
v_clear_c4_118.jpg,clear
v_clear_c4_119.jpg,clear
v_clear_c4_120.jpg,clear
v_clear_c4_121.jpg,clear
v_clear_c4_122.jpg,clear
v_clear_c4_123.jpg,clear
v_clear_c4_124.jpg,clear
v_clear_c4_125.jpg,clear
v_clear_c4_126.jpg,clear
v_clear_c4_127.jpg,clear
v_clear_c4_128.jpg,clear
v_clear_c4_129.jpg,clear
v_clear_c5_130.jpg,clear
v_clear_c5_131.jpg,clear
v_clear_c5_132.jpg,clear
v_clear_c5_133.jpg,clear
v_clear_c5_134.jpg,clear
v_clear_c5_135.jpg,clear
v_clear_c5_136.jpg,clear
v_clear_c5_137.jpg,clear
v_clear_c5_138.jpg,clear
v_clear_c5_139.jpg,clear
v_clear_c5_140.jpg,clear
v_clear_c5_141.jpg,clear
v_clear_c5_142.jpg,clear
v_clear_c5_143.jpg,clear
v_clear_c5_144.jpg,clear
v_clear_c5_145.jpg,clear
v_clear_c5_146.jpg,clear
v_clear_c5_147.jpg,clear
v_clear_c5_148.jpg,clear
v_clear_c5_149.jpg,clear
v_clear_c5_150.jpg,clear
v_clear_c5_151.jpg,clear
v_clear_c5_152.jpg,clear
v_clear_c5_153.jpg,clear
v_clear_c5_154.jpg,clear
v_clear_c5_155.jpg,clear
v_clear_c6_156.jpg,clear
v_clear_c6_157.jpg,clear
v_clear_c6_158.jpg,clear
v_clear_c6_159.jpg,clear
v_clear_c6_160.jpg,clear
v_clear_c6_161.jpg,clear
v_clear_c6_162.jpg,clear
v_clear_c6_163.jpg,clear
v_clear_c6_164.jpg,clear
v_clear_c6_165.jpg,clear
v_clear_c6_166.jpg,clear
v_clear_c6_167.jpg,clear
v_clear_c6_168.jpg,clear
v_clear_c6_169.jpg,clear
v_clear_c6_170.jpg,clear
v_clear_c6_171.jpg,clear
v_clear_c6_172.jpg,clear
v_clear_c6_173.jpg,clear
v_clear_c6_174.jpg,clear
v_clear_c6_175.jpg,clear
v_clear_c6_176.jpg,clear
v_clear_c6_177.jpg,clear
v_clear_c6_178.jpg,clear
v_clear_c6_179.jpg,clear
v_clear_c6_180.jpg,clear
v_clear_c6_181.jpg,clear
v_clear_c7_182.jpg,clear
v_clear_c7_183.jpg,clear
v_clear_c7_184.jpg,clear
v_clear_c7_185.jpg,clear
v_clear_c7_186.jpg,clear
v_clear_c7_187.jpg,clear
v_clear_c7_188.jpg,clear
v_clear_c7_189.jpg,clear
v_clear_c7_190.jpg,clear
v_clear_c7_191.jpg,clear
v_clear_c7_192.jpg,clear
v_clear_c7_193.jpg,clear
v_clear_c7_194.jpg,clear
v_clear_c7_195.jpg,clear
v_clear_c7_196.jpg,clear
v_clear_c7_197.jpg,clear
v_clear_c7_198.jpg,clear
v_clear_c7_199.jpg,clear
v_clear_c7_200.jpg,clear
v_clear_c7_201.jpg,clear
v_clear_c7_202.jpg,clear
v_clear_c7_203.jpg,clear
v_clear_c7_204.jpg,clear
v_clear_c7_205.jpg,clear
v_clear_c7_206.jpg,clear
v_clear_c7_207.jpg,clear
v_clear_c8_208.jpg,clear
v_clear_c8_209.jpg,clear
v_clear_c8_210.jpg,clear
v_clear_c8_211.jpg,clear
v_clear_c8_212.jpg,clear
v_clear_c8_213.jpg,clear
v_clear_c8_214.jpg,clear
v_clear_c8_215.jpg,clear
v_clear_c8_216.jpg,clear
v_clear_c8_217.jpg,clear
v_clear_c8_218.jpg,clear
v_clear_c8_219.jpg,clear
v_clear_c8_220.jpg,clear
v_clear_c8_221.jpg,clear
v_clear_c8_222.jpg,clear
v_clear_c8_223.jpg,clear
v_clear_c8_224.jpg,clear
v_clear_c8_225.jpg,clear
v_clear_c8_226.jpg,clear
v_clear_c8_227.jpg,clear
v_clear_c8_228.jpg,clear
v_clear_c8_229.jpg,clear
v_clear_c8_230.jpg,clear
v_clear_c8_231.jpg,clear
v_clear_c8_232.jpg,clear
v_clear_c8_233.jpg,clear
v_clear_c9_234.jpg,clear
v_clear_c9_235.jpg,clear
v_clear_c9_236.jpg,clear
v_clear_c9_237.jpg,clear
v_clear_c9_238.jpg,clear
v_clear_c9_239.jpg,clear
v_clear_c9_240.jpg,clear
v_clear_c9_241.jpg,clear
v_clear_c9_242.jpg,clear
v_clear_c9_243.jpg,clear
v_clear_c9_244.jpg,clear
v_clear_c9_245.jpg,clear
v_clear_c9_246.jpg,clear
v_clear_c9_247.jpg,clear
v_clear_c9_248.jpg,clear
v_clear_c9_249.jpg,clear
v_clear_c9_250.jpg,clear
v_clear_c9_251.jpg,clear
v_clear_c9_252.jpg,clear
v_clear_c9_253.jpg,clear
v_clear_c9_254.jpg,clear
v_clear_c9_255.jpg,clear
v_clear_c9_256.jpg,clear
v_clear_c9_257.jpg,clear
v_clear_c9_258.jpg,clear
v_clear_c9_259.jpg,clear
v_down_c0_0.jpg,down
v_down_c0_1.jpg,down
v_down_c0_2.jpg,down
v_down_c0_3.jpg,down
v_down_c0_4.jpg,down
v_down_c0_5.jpg,down
v_down_c0_6.jpg,down
v_down_c0_7.jpg,down
v_down_c0_8.jpg,down
v_down_c0_9.jpg,down
v_down_c0_10.jpg,down
v_down_c0_11.jpg,down
v_down_c0_12.jpg,down
v_down_c0_13.jpg,down
v_down_c0_14.jpg,down
v_down_c0_15.jpg,down
v_down_c0_16.jpg,down
v_down_c0_17.jpg,down
v_down_c0_18.jpg,down
v_down_c0_19.jpg,down
v_down_c0_20.jpg,down
v_down_c0_21.jpg,down
v_down_c0_22.jpg,down
v_down_c0_23.jpg,down
v_down_c0_24.jpg,down
v_down_c0_25.jpg,down
v_down_c3_79.jpg,down
v_down_c3_80.jpg,down
v_down_c3_81.jpg,down
v_down_c3_82.jpg,down
v_down_c3_83.jpg,down
v_down_c3_84.jpg,down
v_down_c3_85.jpg,down
v_down_c3_86.jpg,down
v_down_c3_87.jpg,down
v_down_c3_88.jpg,down
v_down_c3_89.jpg,down
v_down_c3_90.jpg,down
v_down_c3_91.jpg,down
v_down_c3_92.jpg,down
v_down_c3_93.jpg,down
v_down_c3_94.jpg,down
v_down_c3_95.jpg,down
v_down_c3_96.jpg,down
v_down_c3_97.jpg,down
v_down_c3_98.jpg,down
v_down_c3_99.jpg,down
v_down_c3_100.jpg,down
v_down_c3_101.jpg,down
v_down_c3_102.jpg,down
v_down_c3_103.jpg,down
v_down_c4_105.jpg,down
v_down_c4_106.jpg,down
v_down_c4_107.jpg,down
v_down_c4_108.jpg,down
v_down_c4_109.jpg,down
v_down_c4_110.jpg,down
v_down_c4_111.jpg,down
v_down_c4_112.jpg,down
v_down_c4_113.jpg,down
v_down_c4_114.jpg,down
v_down_c4_115.jpg,down
v_down_c4_116.jpg,down
v_down_c4_117.jpg,down
v_down_c4_118.jpg,down
v_down_c4_119.jpg,down
v_down_c4_120.jpg,down
v_down_c4_121.jpg,down
v_down_c4_122.jpg,down
v_down_c4_123.jpg,down
v_down_c4_124.jpg,down
v_down_c4_125.jpg,down
v_down_c4_126.jpg,down
v_down_c4_127.jpg,down
v_down_c4_128.jpg,down
v_down_c4_129.jpg,down
v_down_c6_157.jpg,down
v_down_c6_158.jpg,down
v_down_c6_159.jpg,down
v_down_c6_160.jpg,down
v_down_c6_161.jpg,down
v_down_c6_162.jpg,down
v_down_c6_163.jpg,down
v_down_c6_164.jpg,down
v_down_c6_165.jpg,down
v_down_c6_166.jpg,down
v_down_c6_167.jpg,down
v_down_c6_168.jpg,down
v_down_c6_169.jpg,down
v_down_c6_170.jpg,down
v_down_c6_171.jpg,down
v_down_c6_172.jpg,down
v_down_c6_173.jpg,down
v_down_c6_174.jpg,down
v_down_c6_175.jpg,down
v_down_c6_176.jpg,down
v_down_c6_177.jpg,down
v_down_c6_178.jpg,down
v_down_c6_179.jpg,down
v_down_c6_180.jpg,down
v_down_c6_181.jpg,down
v_down_c7_183.jpg,down
v_down_c7_184.jpg,down
v_down_c7_185.jpg,down
v_down_c7_186.jpg,down
v_down_c7_187.jpg,down
v_down_c7_188.jpg,down
v_down_c7_189.jpg,down
v_down_c7_190.jpg,down
v_down_c7_191.jpg,down
v_down_c7_192.jpg,down
v_down_c7_193.jpg,down
v_down_c7_194.jpg,down
v_down_c7_195.jpg,down
v_down_c7_196.jpg,down
v_down_c7_197.jpg,down
v_down_c7_198.jpg,down
v_down_c7_199.jpg,down
v_down_c7_200.jpg,down
v_down_c7_201.jpg,down
v_down_c7_202.jpg,down
v_down_c7_203.jpg,down
v_down_c7_204.jpg,down
v_down_c7_205.jpg,down
v_down_c7_206.jpg,down
v_down_c7_207.jpg,down
v_down_c8_208.jpg,down
v_down_c9_235.jpg,down
v_down_c9_236.jpg,down
v_down_c9_237.jpg,down
v_down_c9_238.jpg,down
v_down_c9_239.jpg,down
v_down_c9_240.jpg,down
v_down_c9_241.jpg,down
v_down_c9_242.jpg,down
v_down_c9_243.jpg,down
v_down_c9_244.jpg,down
v_down_c9_245.jpg,down
v_down_c9_246.jpg,down
v_down_c9_247.jpg,down
v_down_c9_248.jpg,down
v_down_c9_249.jpg,down
v_down_c9_250.jpg,down
v_down_c9_251.jpg,down
v_down_c9_252.jpg,down
v_down_c9_253.jpg,down
v_down_c9_254.jpg,down
v_down_c9_255.jpg,down
v_down_c9_256.jpg,down
v_down_c9_257.jpg,down
v_down_c9_259.jpg,down
v_down_c10_261.jpg,down
v_down_c10_262.jpg,down
v_down_c10_263.jpg,down
v_down_c10_264.jpg,down
v_down_c10_265.jpg,down
v_down_c10_266.jpg,down
v_down_c10_267.jpg,down
v_down_c10_268.jpg,down
v_down_c10_269.jpg,down
v_down_c10_270.jpg,down
v_down_c10_271.jpg,down
v_down_c10_272.jpg,down
v_down_c10_273.jpg,down
v_down_c10_274.jpg,down
v_down_c10_275.jpg,down
v_down_c10_276.jpg,down
v_down_c10_277.jpg,down
v_down_c10_278.jpg,down
v_down_c10_279.jpg,down
v_down_c10_280.jpg,down
v_down_c10_281.jpg,down
v_down_c10_282.jpg,down
v_down_c10_283.jpg,down
v_down_c12_313.jpg,down
v_down_c12_314.jpg,down
v_down_c12_315.jpg,down
v_down_c12_316.jpg,down
v_down_c12_317.jpg,down
v_down_c12_318.jpg,down
v_down_c12_319.jpg,down
v_down_c12_320.jpg,down
v_down_c12_321.jpg,down
v_down_c12_322.jpg,down
v_down_c12_323.jpg,down
v_down_c12_324.jpg,down
v_down_c12_325.jpg,down
v_down_c12_326.jpg,down
v_down_c12_327.jpg,down
v_down_c12_328.jpg,down
v_down_c12_329.jpg,down
v_down_c12_330.jpg,down
v_down_c12_331.jpg,down
v_down_c12_332.jpg,down
v_down_c12_333.jpg,down
v_down_c12_334.jpg,down
v_down_c12_335.jpg,down
v_down_c12_336.jpg,down
v_down_c12_337.jpg,down
v_down_c13_339.jpg,down
v_down_c13_340.jpg,down
v_down_c13_341.jpg,down
v_down_c13_342.jpg,down
v_down_c13_343.jpg,down
v_down_c13_344.jpg,down
v_down_c13_345.jpg,down
v_down_c13_346.jpg,down
v_down_c13_347.jpg,down
v_down_c13_348.jpg,down
v_down_c13_349.jpg,down
v_down_c13_350.jpg,down
v_down_c13_351.jpg,down
v_down_c13_352.jpg,down
v_down_c13_353.jpg,down
v_down_c13_354.jpg,down
v_down_c13_355.jpg,down
v_down_c13_356.jpg,down
v_down_c13_357.jpg,down
v_down_c13_358.jpg,down
v_down_c13_359.jpg,down
v_down_c13_360.jpg,down
v_down_c13_361.jpg,down
v_down_c13_362.jpg,down
v_down_c13_363.jpg,down
v_down_c14_365.jpg,down
v_down_c14_366.jpg,down
v_down_c14_367.jpg,down
v_down_c14_368.jpg,down
v_down_c14_369.jpg,down
v_down_c14_370.jpg,down
v_down_c14_371.jpg,down
v_down_c14_372.jpg,down
v_down_c14_373.jpg,down
v_down_c14_374.jpg,down
v_down_c14_375.jpg,down
v_down_c14_376.jpg,down
v_down_c14_377.jpg,down
v_down_c14_378.jpg,down
v_down_c14_379.jpg,down
v_down_c14_380.jpg,down
v_down_c14_381.jpg,down
v_down_c14_382.jpg,down
v_down_c14_383.jpg,down
v_down_c14_384.jpg,down
v_down_c14_385.jpg,down
v_down_c14_386.jpg,down
v_down_c14_387.jpg,down
v_down_c14_388.jpg,down
v_down_c14_389.jpg,down
v_left_c0_1.jpg,left
v_left_c0_2.jpg,left
v_left_c0_3.jpg,left
v_left_c0_4.jpg,left
v_left_c0_5.jpg,left
v_left_c0_6.jpg,left
v_left_c0_7.jpg,left
v_left_c0_8.jpg,left
v_left_c0_9.jpg,left
v_left_c0_10.jpg,left
v_left_c0_11.jpg,left
v_left_c0_12.jpg,left
v_left_c0_13.jpg,left
v_left_c0_14.jpg,left
v_left_c0_15.jpg,left
v_left_c0_16.jpg,left
v_left_c0_17.jpg,left
v_left_c0_18.jpg,left
v_left_c0_19.jpg,left
v_left_c0_20.jpg,left
v_left_c0_21.jpg,left
v_left_c0_22.jpg,left
v_left_c0_23.jpg,left
v_left_c0_24.jpg,left
v_left_c0_25.jpg,left
v_left_c1_26.jpg,left
v_left_c1_27.jpg,left
v_left_c1_28.jpg,left
v_left_c1_29.jpg,left
v_left_c1_30.jpg,left
v_left_c1_31.jpg,left
v_left_c1_32.jpg,left
v_left_c1_33.jpg,left
v_left_c1_34.jpg,left
v_left_c1_35.jpg,left
v_left_c1_36.jpg,left
v_left_c1_37.jpg,left
v_left_c1_38.jpg,left
v_left_c1_39.jpg,left
v_left_c1_40.jpg,left
v_left_c1_41.jpg,left
v_left_c1_42.jpg,left
v_left_c1_43.jpg,left
v_left_c1_44.jpg,left
v_left_c1_45.jpg,left
v_left_c1_46.jpg,left
v_left_c1_47.jpg,left
v_left_c1_48.jpg,left
v_left_c1_49.jpg,left
v_left_c1_50.jpg,left
v_left_c1_51.jpg,left
v_left_c2_52.jpg,left
v_left_c2_53.jpg,left
v_left_c2_54.jpg,left
v_left_c2_55.jpg,left
v_left_c2_56.jpg,left
v_left_c2_57.jpg,left
v_left_c2_58.jpg,left
v_left_c2_59.jpg,left
v_left_c2_60.jpg,left
v_left_c2_61.jpg,left
v_left_c2_62.jpg,left
v_left_c2_63.jpg,left
v_left_c2_64.jpg,left
v_left_c2_65.jpg,left
v_left_c2_66.jpg,left
v_left_c2_67.jpg,left
v_left_c2_68.jpg,left
v_left_c2_69.jpg,left
v_left_c2_70.jpg,left
v_left_c2_71.jpg,left
v_left_c2_72.jpg,left
v_left_c2_73.jpg,left
v_left_c2_74.jpg,left
v_left_c2_75.jpg,left
v_left_c2_76.jpg,left
v_left_c2_77.jpg,left
v_left_c3_78.jpg,left
v_left_c3_79.jpg,left
v_left_c3_80.jpg,left
v_left_c3_81.jpg,left
v_left_c3_82.jpg,left
v_left_c3_83.jpg,left
v_left_c3_84.jpg,left
v_left_c3_85.jpg,left
v_left_c3_86.jpg,left
v_left_c3_87.jpg,left
v_left_c3_88.jpg,left
v_left_c3_89.jpg,left
v_left_c3_90.jpg,left
v_left_c3_91.jpg,left
v_left_c3_92.jpg,left
v_left_c3_93.jpg,left
v_left_c3_94.jpg,left
v_left_c3_95.jpg,left
v_left_c3_96.jpg,left
v_left_c3_97.jpg,left
v_left_c3_98.jpg,left
v_left_c3_99.jpg,left
v_left_c3_100.jpg,left
v_left_c3_101.jpg,left
v_left_c3_102.jpg,left
v_left_c3_103.jpg,left
v_left_c4_104.jpg,left
v_left_c4_105.jpg,left
v_left_c4_106.jpg,left
v_left_c4_107.jpg,left
v_left_c4_108.jpg,left
v_left_c4_109.jpg,left
v_left_c4_110.jpg,left
v_left_c4_111.jpg,left
v_left_c4_112.jpg,left
v_left_c4_113.jpg,left
v_left_c4_114.jpg,left
v_left_c4_115.jpg,left
v_left_c4_116.jpg,left
v_left_c4_117.jpg,left
v_left_c4_118.jpg,left
v_left_c4_119.jpg,left
v_left_c4_120.jpg,left
v_left_c4_121.jpg,left
v_left_c4_122.jpg,left
v_left_c4_123.jpg,left
v_left_c4_124.jpg,left
v_left_c4_125.jpg,left
v_left_c4_126.jpg,left
v_left_c4_127.jpg,left
v_left_c4_128.jpg,left
v_left_c4_129.jpg,left
v_left_c5_130.jpg,left
v_left_c5_131.jpg,left
v_left_c5_132.jpg,left
v_left_c5_133.jpg,left
v_left_c5_134.jpg,left
v_left_c5_135.jpg,left
v_left_c5_136.jpg,left
v_left_c5_137.jpg,left
v_left_c5_138.jpg,left
v_left_c5_139.jpg,left
v_left_c5_140.jpg,left
v_left_c5_141.jpg,left
v_left_c5_142.jpg,left
v_left_c5_143.jpg,left
v_left_c5_144.jpg,left
v_left_c5_145.jpg,left
v_left_c5_146.jpg,left
v_left_c5_147.jpg,left
v_left_c5_148.jpg,left
v_left_c5_149.jpg,left
v_left_c5_150.jpg,left
v_left_c5_151.jpg,left
v_left_c5_152.jpg,left
v_left_c5_153.jpg,left
v_left_c5_154.jpg,left
v_left_c5_155.jpg,left
v_left_c6_156.jpg,left
v_left_c6_157.jpg,left
v_left_c6_158.jpg,left
v_left_c6_159.jpg,left
v_left_c6_160.jpg,left
v_left_c6_161.jpg,left
v_left_c6_162.jpg,left
v_left_c6_163.jpg,left
v_left_c6_164.jpg,left
v_left_c6_165.jpg,left
v_left_c6_166.jpg,left
v_left_c6_167.jpg,left
v_left_c6_168.jpg,left
v_left_c6_169.jpg,left
v_left_c6_170.jpg,left
v_left_c6_171.jpg,left
v_left_c6_172.jpg,left
v_left_c6_173.jpg,left
v_left_c6_174.jpg,left
v_left_c6_175.jpg,left
v_left_c6_176.jpg,left
v_left_c6_177.jpg,left
v_left_c6_178.jpg,left
v_left_c6_179.jpg,left
v_left_c6_180.jpg,left
v_left_c6_181.jpg,left
v_left_c7_182.jpg,left
v_left_c7_183.jpg,left
v_left_c7_184.jpg,left
v_left_c7_185.jpg,left
v_left_c7_186.jpg,left
v_left_c7_187.jpg,left
v_left_c7_188.jpg,left
v_left_c7_189.jpg,left
v_left_c7_190.jpg,left
v_left_c7_191.jpg,left
v_left_c7_192.jpg,left
v_left_c7_193.jpg,left
v_left_c7_194.jpg,left
v_left_c7_195.jpg,left
v_left_c7_196.jpg,left
v_left_c7_197.jpg,left
v_left_c7_198.jpg,left
v_left_c7_199.jpg,left
v_left_c7_200.jpg,left
v_left_c7_201.jpg,left
v_left_c7_202.jpg,left
v_left_c7_203.jpg,left
v_left_c7_204.jpg,left
v_left_c7_205.jpg,left
v_left_c7_206.jpg,left
v_left_c7_207.jpg,left
v_left_c8_208.jpg,left
v_left_c8_209.jpg,left
v_left_c8_210.jpg,left
v_left_c8_211.jpg,left
v_left_c8_212.jpg,left
v_left_c8_213.jpg,left
v_left_c8_214.jpg,left
v_left_c8_215.jpg,left
v_left_c8_216.jpg,left
v_left_c8_217.jpg,left
v_left_c8_218.jpg,left
v_left_c8_219.jpg,left
v_left_c8_220.jpg,left
v_left_c8_221.jpg,left
v_left_c8_222.jpg,left
v_left_c8_223.jpg,left
v_left_c8_224.jpg,left
v_left_c8_225.jpg,left
v_left_c8_226.jpg,left
v_left_c8_227.jpg,left
v_left_c8_228.jpg,left
v_left_c8_229.jpg,left
v_left_c8_230.jpg,left
v_left_c8_231.jpg,left
v_left_c8_232.jpg,left
v_left_c8_233.jpg,left
v_left_c9_235.jpg,left
v_left_c9_236.jpg,left
v_left_c9_237.jpg,left
v_left_c9_238.jpg,left
v_left_c9_239.jpg,left
v_left_c9_240.jpg,left
v_left_c9_241.jpg,left
v_left_c9_242.jpg,left
v_left_c9_243.jpg,left
v_left_c9_244.jpg,left
v_left_c9_245.jpg,left
v_left_c9_246.jpg,left
v_left_c9_247.jpg,left
v_left_c9_248.jpg,left
v_left_c9_249.jpg,left
v_left_c9_250.jpg,left
v_left_c9_251.jpg,left
v_left_c9_252.jpg,left
v_left_c9_253.jpg,left
v_left_c9_254.jpg,left
v_left_c9_255.jpg,left
v_left_c9_256.jpg,left
v_left_c9_257.jpg,left
v_left_c9_258.jpg,left
v_left_c9_259.jpg,left
v_rest_c0_0.jpg,rest
v_rest_c0_1.jpg,rest
v_rest_c0_2.jpg,rest
v_rest_c0_3.jpg,rest
v_rest_c0_4.jpg,rest
v_rest_c0_5.jpg,rest
v_rest_c0_6.jpg,rest
v_rest_c0_7.jpg,rest
v_rest_c0_8.jpg,rest
v_rest_c0_9.jpg,rest
v_rest_c0_10.jpg,rest
v_rest_c0_11.jpg,rest
v_rest_c0_12.jpg,rest
v_rest_c0_13.jpg,rest
v_rest_c0_14.jpg,rest
v_rest_c0_15.jpg,rest
v_rest_c0_16.jpg,rest
v_rest_c0_17.jpg,rest
v_rest_c0_18.jpg,rest
v_rest_c0_19.jpg,rest
v_rest_c0_20.jpg,rest
v_rest_c0_21.jpg,rest
v_rest_c0_22.jpg,rest
v_rest_c0_23.jpg,rest
v_rest_c0_24.jpg,rest
v_rest_c0_25.jpg,rest
v_rest_c1_26.jpg,rest
v_rest_c1_27.jpg,rest
v_rest_c1_28.jpg,rest
v_rest_c1_29.jpg,rest
v_rest_c1_30.jpg,rest
v_rest_c1_31.jpg,rest
v_rest_c1_32.jpg,rest
v_rest_c1_33.jpg,rest
v_rest_c1_34.jpg,rest
v_rest_c1_35.jpg,rest
v_rest_c1_36.jpg,rest
v_rest_c1_37.jpg,rest
v_rest_c1_38.jpg,rest
v_rest_c1_39.jpg,rest
v_rest_c1_40.jpg,rest
v_rest_c1_41.jpg,rest
v_rest_c1_42.jpg,rest
v_rest_c1_43.jpg,rest
v_rest_c1_44.jpg,rest
v_rest_c1_45.jpg,rest
v_rest_c1_46.jpg,rest
v_rest_c1_47.jpg,rest
v_rest_c1_48.jpg,rest
v_rest_c1_49.jpg,rest
v_rest_c1_50.jpg,rest
v_rest_c1_51.jpg,rest
v_rest_c2_52.jpg,rest
v_rest_c2_53.jpg,rest
v_rest_c2_54.jpg,rest
v_rest_c2_55.jpg,rest
v_rest_c2_56.jpg,rest
v_rest_c2_57.jpg,rest
v_rest_c2_58.jpg,rest
v_rest_c2_59.jpg,rest
v_rest_c2_60.jpg,rest
v_rest_c2_61.jpg,rest
v_rest_c2_62.jpg,rest
v_rest_c2_63.jpg,rest
v_rest_c2_64.jpg,rest
v_rest_c2_65.jpg,rest
v_rest_c2_66.jpg,rest
v_rest_c2_67.jpg,rest
v_rest_c2_68.jpg,rest
v_rest_c2_69.jpg,rest
v_rest_c2_70.jpg,rest
v_rest_c2_71.jpg,rest
v_rest_c2_72.jpg,rest
v_rest_c2_73.jpg,rest
v_rest_c2_74.jpg,rest
v_rest_c2_75.jpg,rest
v_rest_c2_76.jpg,rest
v_rest_c2_77.jpg,rest
v_rest_c3_78.jpg,rest
v_rest_c3_79.jpg,rest
v_rest_c3_80.jpg,rest
v_rest_c3_81.jpg,rest
v_rest_c3_82.jpg,rest
v_rest_c3_83.jpg,rest
v_rest_c3_84.jpg,rest
v_rest_c3_85.jpg,rest
v_rest_c3_86.jpg,rest
v_rest_c3_87.jpg,rest
v_rest_c3_88.jpg,rest
v_rest_c3_89.jpg,rest
v_rest_c3_90.jpg,rest
v_rest_c3_91.jpg,rest
v_rest_c3_92.jpg,rest
v_rest_c3_93.jpg,rest
v_rest_c3_94.jpg,rest
v_rest_c3_95.jpg,rest
v_rest_c3_96.jpg,rest
v_rest_c3_97.jpg,rest
v_rest_c3_98.jpg,rest
v_rest_c3_99.jpg,rest
v_rest_c3_100.jpg,rest
v_rest_c3_101.jpg,rest
v_rest_c3_102.jpg,rest
v_rest_c3_103.jpg,rest
v_rest_c4_104.jpg,rest
v_rest_c4_105.jpg,rest
v_rest_c4_106.jpg,rest
v_rest_c4_107.jpg,rest
v_rest_c4_108.jpg,rest
v_rest_c4_109.jpg,rest
v_rest_c4_110.jpg,rest
v_rest_c4_111.jpg,rest
v_rest_c4_112.jpg,rest
v_rest_c4_113.jpg,rest
v_rest_c4_114.jpg,rest
v_rest_c4_115.jpg,rest
v_rest_c4_116.jpg,rest
v_rest_c4_117.jpg,rest
v_rest_c4_118.jpg,rest
v_rest_c4_119.jpg,rest
v_rest_c4_120.jpg,rest
v_rest_c4_121.jpg,rest
v_rest_c4_122.jpg,rest
v_rest_c4_123.jpg,rest
v_rest_c4_124.jpg,rest
v_rest_c4_125.jpg,rest
v_rest_c4_126.jpg,rest
v_rest_c4_127.jpg,rest
v_rest_c4_128.jpg,rest
v_rest_c4_129.jpg,rest
v_rest_c5_130.jpg,rest
v_rest_c5_131.jpg,rest
v_rest_c5_132.jpg,rest
v_rest_c5_133.jpg,rest
v_rest_c5_134.jpg,rest
v_rest_c5_135.jpg,rest
v_rest_c5_136.jpg,rest
v_rest_c5_137.jpg,rest
v_rest_c5_138.jpg,rest
v_rest_c5_139.jpg,rest
v_rest_c5_140.jpg,rest
v_rest_c5_141.jpg,rest
v_rest_c5_142.jpg,rest
v_rest_c5_143.jpg,rest
v_rest_c5_144.jpg,rest
v_rest_c5_145.jpg,rest
v_rest_c5_146.jpg,rest
v_rest_c5_147.jpg,rest
v_rest_c5_148.jpg,rest
v_rest_c5_149.jpg,rest
v_rest_c5_150.jpg,rest
v_rest_c5_151.jpg,rest
v_rest_c5_152.jpg,rest
v_rest_c5_153.jpg,rest
v_rest_c5_154.jpg,rest
v_rest_c5_155.jpg,rest
v_rest_c6_156.jpg,rest
v_rest_c6_157.jpg,rest
v_rest_c6_158.jpg,rest
v_rest_c6_159.jpg,rest
v_rest_c6_160.jpg,rest
v_rest_c6_161.jpg,rest
v_rest_c6_162.jpg,rest
v_rest_c6_163.jpg,rest
v_rest_c6_164.jpg,rest
v_rest_c6_165.jpg,rest
v_rest_c6_166.jpg,rest
v_rest_c6_167.jpg,rest
v_rest_c6_168.jpg,rest
v_rest_c6_169.jpg,rest
v_rest_c6_170.jpg,rest
v_rest_c6_171.jpg,rest
v_rest_c6_172.jpg,rest
v_rest_c6_173.jpg,rest
v_rest_c6_174.jpg,rest
v_rest_c6_175.jpg,rest
v_rest_c6_176.jpg,rest
v_rest_c6_177.jpg,rest
v_rest_c6_178.jpg,rest
v_rest_c6_179.jpg,rest
v_rest_c6_180.jpg,rest
v_rest_c6_181.jpg,rest
v_rest_c7_182.jpg,rest
v_rest_c7_183.jpg,rest
v_rest_c7_184.jpg,rest
v_rest_c7_185.jpg,rest
v_rest_c7_186.jpg,rest
v_rest_c7_187.jpg,rest
v_rest_c7_188.jpg,rest
v_rest_c7_189.jpg,rest
v_rest_c7_190.jpg,rest
v_rest_c7_191.jpg,rest
v_rest_c7_192.jpg,rest
v_rest_c7_193.jpg,rest
v_rest_c7_194.jpg,rest
v_rest_c7_195.jpg,rest
v_rest_c7_196.jpg,rest
v_rest_c7_197.jpg,rest
v_rest_c7_198.jpg,rest
v_rest_c7_199.jpg,rest
v_rest_c7_200.jpg,rest
v_rest_c7_201.jpg,rest
v_rest_c7_202.jpg,rest
v_rest_c7_203.jpg,rest
v_rest_c7_204.jpg,rest
v_rest_c7_205.jpg,rest
v_rest_c7_206.jpg,rest
v_rest_c7_207.jpg,rest
v_rest_c8_208.jpg,rest
v_rest_c8_209.jpg,rest
v_rest_c8_210.jpg,rest
v_rest_c8_211.jpg,rest
v_rest_c8_212.jpg,rest
v_rest_c8_213.jpg,rest
v_rest_c8_214.jpg,rest
v_rest_c8_215.jpg,rest
v_rest_c8_216.jpg,rest
v_rest_c8_217.jpg,rest
v_rest_c8_218.jpg,rest
v_rest_c8_219.jpg,rest
v_rest_c8_220.jpg,rest
v_rest_c8_221.jpg,rest
v_rest_c8_222.jpg,rest
v_rest_c8_223.jpg,rest
v_rest_c8_224.jpg,rest
v_rest_c8_225.jpg,rest
v_rest_c8_226.jpg,rest
v_rest_c8_227.jpg,rest
v_rest_c8_228.jpg,rest
v_rest_c8_229.jpg,rest
v_rest_c8_230.jpg,rest
v_rest_c8_231.jpg,rest
v_rest_c8_232.jpg,rest
v_rest_c8_233.jpg,rest
v_rest_c9_234.jpg,rest
v_rest_c9_235.jpg,rest
v_rest_c9_236.jpg,rest
v_rest_c9_237.jpg,rest
v_rest_c9_238.jpg,rest
v_rest_c9_239.jpg,rest
v_rest_c9_240.jpg,rest
v_rest_c9_241.jpg,rest
v_rest_c9_242.jpg,rest
v_rest_c9_243.jpg,rest
v_rest_c9_244.jpg,rest
v_rest_c9_245.jpg,rest
v_rest_c9_246.jpg,rest
v_rest_c9_247.jpg,rest
v_rest_c9_248.jpg,rest
v_rest_c9_249.jpg,rest
v_rest_c9_250.jpg,rest
v_rest_c9_251.jpg,rest
v_rest_c9_252.jpg,rest
v_rest_c9_253.jpg,rest
v_rest_c9_254.jpg,rest
v_rest_c9_255.jpg,rest
v_rest_c9_256.jpg,rest
v_rest_c9_257.jpg,rest
v_rest_c9_258.jpg,rest
v_rest_c9_259.jpg,rest
v_right_c0_1.jpg,right
v_right_c0_2.jpg,right
v_right_c0_3.jpg,right
v_right_c0_4.jpg,right
v_right_c0_5.jpg,right
v_right_c0_6.jpg,right
v_right_c0_7.jpg,right
v_right_c0_8.jpg,right
v_right_c0_9.jpg,right
v_right_c0_10.jpg,right
v_right_c0_11.jpg,right
v_right_c0_12.jpg,right
v_right_c0_13.jpg,right
v_right_c0_14.jpg,right
v_right_c0_15.jpg,right
v_right_c0_16.jpg,right
v_right_c0_17.jpg,right
v_right_c0_18.jpg,right
v_right_c0_19.jpg,right
v_right_c0_20.jpg,right
v_right_c0_21.jpg,right
v_right_c0_22.jpg,right
v_right_c0_23.jpg,right
v_right_c0_24.jpg,right
v_right_c0_25.jpg,right
v_right_c1_26.jpg,right
v_right_c1_27.jpg,right
v_right_c1_28.jpg,right
v_right_c1_29.jpg,right
v_right_c1_30.jpg,right
v_right_c1_31.jpg,right
v_right_c1_32.jpg,right
v_right_c1_33.jpg,right
v_right_c1_34.jpg,right
v_right_c1_35.jpg,right
v_right_c1_36.jpg,right
v_right_c1_37.jpg,right
v_right_c1_38.jpg,right
v_right_c1_39.jpg,right
v_right_c1_40.jpg,right
v_right_c1_41.jpg,right
v_right_c1_42.jpg,right
v_right_c1_43.jpg,right
v_right_c1_44.jpg,right
v_right_c1_45.jpg,right
v_right_c1_46.jpg,right
v_right_c1_47.jpg,right
v_right_c1_48.jpg,right
v_right_c1_49.jpg,right
v_right_c1_50.jpg,right
v_right_c1_51.jpg,right
v_right_c2_52.jpg,right
v_right_c2_53.jpg,right
v_right_c2_54.jpg,right
v_right_c2_55.jpg,right
v_right_c2_56.jpg,right
v_right_c2_57.jpg,right
v_right_c2_58.jpg,right
v_right_c2_59.jpg,right
v_right_c2_60.jpg,right
v_right_c2_61.jpg,right
v_right_c2_62.jpg,right
v_right_c2_63.jpg,right
v_right_c2_64.jpg,right
v_right_c2_65.jpg,right
v_right_c2_66.jpg,right
v_right_c2_67.jpg,right
v_right_c2_68.jpg,right
v_right_c2_69.jpg,right
v_right_c2_70.jpg,right
v_right_c2_71.jpg,right
v_right_c2_72.jpg,right
v_right_c2_73.jpg,right
v_right_c2_74.jpg,right
v_right_c2_75.jpg,right
v_right_c2_76.jpg,right
v_right_c2_77.jpg,right
v_right_c3_78.jpg,right
v_right_c3_79.jpg,right
v_right_c3_80.jpg,right
v_right_c3_81.jpg,right
v_right_c3_82.jpg,right
v_right_c3_83.jpg,right
v_right_c3_84.jpg,right
v_right_c3_85.jpg,right
v_right_c3_86.jpg,right
v_right_c3_87.jpg,right
v_right_c3_88.jpg,right
v_right_c3_89.jpg,right
v_right_c3_90.jpg,right
v_right_c3_91.jpg,right
v_right_c3_92.jpg,right
v_right_c3_93.jpg,right
v_right_c3_94.jpg,right
v_right_c3_95.jpg,right
v_right_c3_96.jpg,right
v_right_c3_97.jpg,right
v_right_c3_98.jpg,right
v_right_c3_99.jpg,right
v_right_c3_100.jpg,right
v_right_c3_101.jpg,right
v_right_c3_102.jpg,right
v_right_c3_103.jpg,right
v_right_c4_104.jpg,right
v_right_c4_105.jpg,right
v_right_c4_106.jpg,right
v_right_c4_107.jpg,right
v_right_c4_108.jpg,right
v_right_c4_109.jpg,right
v_right_c4_110.jpg,right
v_right_c4_111.jpg,right
v_right_c4_112.jpg,right
v_right_c4_113.jpg,right
v_right_c4_114.jpg,right
v_right_c4_115.jpg,right
v_right_c4_116.jpg,right
v_right_c4_117.jpg,right
v_right_c4_118.jpg,right
v_right_c4_119.jpg,right
v_right_c4_120.jpg,right
v_right_c4_121.jpg,right
v_right_c4_122.jpg,right
v_right_c4_123.jpg,right
v_right_c4_124.jpg,right
v_right_c4_125.jpg,right
v_right_c4_126.jpg,right
v_right_c4_127.jpg,right
v_right_c4_128.jpg,right
v_right_c4_129.jpg,right
v_right_c6_157.jpg,right
v_right_c6_158.jpg,right
v_right_c6_159.jpg,right
v_right_c6_160.jpg,right
v_right_c6_161.jpg,right
v_right_c6_162.jpg,right
v_right_c6_163.jpg,right
v_right_c6_164.jpg,right
v_right_c6_165.jpg,right
v_right_c6_166.jpg,right
v_right_c6_167.jpg,right
v_right_c6_168.jpg,right
v_right_c6_169.jpg,right
v_right_c6_170.jpg,right
v_right_c6_171.jpg,right
v_right_c6_172.jpg,right
v_right_c6_173.jpg,right
v_right_c6_174.jpg,right
v_right_c6_175.jpg,right
v_right_c6_176.jpg,right
v_right_c6_177.jpg,right
v_right_c6_178.jpg,right
v_right_c6_179.jpg,right
v_right_c6_180.jpg,right
v_right_c6_181.jpg,right
v_right_c8_209.jpg,right
v_right_c8_210.jpg,right
v_right_c8_211.jpg,right
v_right_c8_212.jpg,right
v_right_c8_213.jpg,right
v_right_c8_214.jpg,right
v_right_c8_215.jpg,right
v_right_c8_216.jpg,right
v_right_c8_217.jpg,right
v_right_c8_218.jpg,right
v_right_c8_219.jpg,right
v_right_c8_220.jpg,right
v_right_c8_221.jpg,right
v_right_c8_222.jpg,right
v_right_c8_223.jpg,right
v_right_c8_224.jpg,right
v_right_c8_225.jpg,right
v_right_c8_226.jpg,right
v_right_c8_227.jpg,right
v_right_c8_228.jpg,right
v_right_c8_229.jpg,right
v_right_c8_230.jpg,right
v_right_c8_231.jpg,right
v_right_c8_232.jpg,right
v_right_c8_233.jpg,right
v_right_c9_235.jpg,right
v_right_c9_236.jpg,right
v_right_c9_237.jpg,right
v_right_c9_238.jpg,right
v_right_c9_239.jpg,right
v_right_c9_240.jpg,right
v_right_c9_241.jpg,right
v_right_c9_242.jpg,right
v_right_c9_243.jpg,right
v_right_c9_244.jpg,right
v_right_c9_245.jpg,right
v_right_c9_246.jpg,right
v_right_c9_247.jpg,right
v_right_c9_248.jpg,right
v_right_c9_249.jpg,right
v_right_c9_250.jpg,right
v_right_c9_251.jpg,right
v_right_c9_252.jpg,right
v_right_c9_253.jpg,right
v_right_c9_254.jpg,right
v_right_c9_255.jpg,right
v_right_c9_256.jpg,right
v_right_c9_257.jpg,right
v_right_c9_258.jpg,right
v_right_c9_259.jpg,right
v_right_c10_261.jpg,right
v_right_c10_262.jpg,right
v_right_c10_263.jpg,right
v_right_c10_264.jpg,right
v_right_c10_265.jpg,right
v_right_c10_266.jpg,right
v_right_c10_267.jpg,right
v_right_c10_268.jpg,right
v_right_c10_269.jpg,right
v_right_c10_270.jpg,right
v_right_c10_271.jpg,right
v_right_c10_272.jpg,right
v_right_c10_273.jpg,right
v_right_c10_274.jpg,right
v_right_c10_275.jpg,right
v_right_c10_276.jpg,right
v_right_c10_277.jpg,right
v_right_c10_278.jpg,right
v_right_c10_279.jpg,right
v_right_c10_280.jpg,right
v_right_c10_281.jpg,right
v_right_c10_282.jpg,right
v_right_c10_283.jpg,right
v_right_c10_284.jpg,right
v_right_c10_285.jpg,right
v_right_c11_286.jpg,right
v_right_c11_287.jpg,right
v_right_c11_288.jpg,right
v_right_c11_289.jpg,right
v_right_c11_290.jpg,right
v_right_c11_291.jpg,right
v_right_c11_292.jpg,right
v_right_c11_293.jpg,right
v_right_c11_294.jpg,right
v_right_c11_295.jpg,right
v_right_c11_296.jpg,right
v_right_c11_297.jpg,right
v_right_c11_298.jpg,right
v_right_c11_299.jpg,right
v_right_c11_300.jpg,right
v_right_c11_301.jpg,right
v_right_c11_302.jpg,right
v_right_c11_303.jpg,right
v_right_c11_304.jpg,right
v_right_c11_305.jpg,right
v_right_c11_306.jpg,right
v_right_c11_307.jpg,right
v_right_c11_308.jpg,right
v_right_c11_309.jpg,right
v_right_c11_310.jpg,right
v_right_c11_311.jpg,right
v_up_c0_0.jpg,up
v_up_c0_1.jpg,up
v_up_c0_2.jpg,up
v_up_c0_3.jpg,up
v_up_c0_4.jpg,up
v_up_c0_5.jpg,up
v_up_c0_6.jpg,up
v_up_c0_7.jpg,up
v_up_c0_8.jpg,up
v_up_c0_9.jpg,up
v_up_c0_10.jpg,up
v_up_c0_11.jpg,up
v_up_c0_12.jpg,up
v_up_c0_13.jpg,up
v_up_c0_14.jpg,up
v_up_c0_15.jpg,up
v_up_c0_16.jpg,up
v_up_c0_17.jpg,up
v_up_c0_18.jpg,up
v_up_c0_19.jpg,up
v_up_c0_20.jpg,up
v_up_c0_21.jpg,up
v_up_c0_22.jpg,up
v_up_c0_23.jpg,up
v_up_c0_24.jpg,up
v_up_c0_25.jpg,up
v_up_c1_26.jpg,up
v_up_c1_27.jpg,up
v_up_c1_28.jpg,up
v_up_c1_29.jpg,up
v_up_c1_30.jpg,up
v_up_c1_31.jpg,up
v_up_c1_32.jpg,up
v_up_c1_33.jpg,up
v_up_c1_34.jpg,up
v_up_c1_35.jpg,up
v_up_c1_36.jpg,up
v_up_c1_37.jpg,up
v_up_c1_38.jpg,up
v_up_c1_39.jpg,up
v_up_c1_40.jpg,up
v_up_c1_41.jpg,up
v_up_c1_42.jpg,up
v_up_c1_43.jpg,up
v_up_c1_44.jpg,up
v_up_c1_45.jpg,up
v_up_c1_46.jpg,up
v_up_c1_47.jpg,up
v_up_c1_48.jpg,up
v_up_c1_49.jpg,up
v_up_c1_50.jpg,up
v_up_c1_51.jpg,up
v_up_c2_52.jpg,up
v_up_c2_53.jpg,up
v_up_c2_54.jpg,up
v_up_c2_55.jpg,up
v_up_c2_56.jpg,up
v_up_c2_57.jpg,up
v_up_c2_58.jpg,up
v_up_c2_59.jpg,up
v_up_c2_60.jpg,up
v_up_c2_61.jpg,up
v_up_c2_62.jpg,up
v_up_c2_63.jpg,up
v_up_c2_64.jpg,up
v_up_c2_65.jpg,up
v_up_c2_66.jpg,up
v_up_c2_67.jpg,up
v_up_c2_68.jpg,up
v_up_c2_69.jpg,up
v_up_c2_70.jpg,up
v_up_c2_71.jpg,up
v_up_c2_72.jpg,up
v_up_c2_73.jpg,up
v_up_c2_74.jpg,up
v_up_c2_75.jpg,up
v_up_c2_76.jpg,up
v_up_c2_77.jpg,up
v_up_c3_78.jpg,up
v_up_c3_79.jpg,up
v_up_c3_80.jpg,up
v_up_c3_81.jpg,up
v_up_c3_82.jpg,up
v_up_c3_83.jpg,up
v_up_c3_84.jpg,up
v_up_c3_85.jpg,up
v_up_c3_86.jpg,up
v_up_c3_87.jpg,up
v_up_c3_88.jpg,up
v_up_c3_89.jpg,up
v_up_c3_90.jpg,up
v_up_c3_91.jpg,up
v_up_c3_92.jpg,up
v_up_c3_93.jpg,up
v_up_c3_94.jpg,up
v_up_c3_95.jpg,up
v_up_c3_96.jpg,up
v_up_c3_97.jpg,up
v_up_c3_98.jpg,up
v_up_c3_99.jpg,up
v_up_c3_100.jpg,up
v_up_c3_101.jpg,up
v_up_c3_102.jpg,up
v_up_c3_103.jpg,up
v_up_c4_104.jpg,up
v_up_c4_105.jpg,up
v_up_c4_106.jpg,up
v_up_c4_107.jpg,up
v_up_c4_108.jpg,up
v_up_c4_109.jpg,up
v_up_c4_110.jpg,up
v_up_c4_111.jpg,up
v_up_c4_112.jpg,up
v_up_c4_113.jpg,up
v_up_c4_114.jpg,up
v_up_c4_115.jpg,up
v_up_c4_116.jpg,up
v_up_c4_117.jpg,up
v_up_c4_118.jpg,up
v_up_c4_119.jpg,up
v_up_c4_120.jpg,up
v_up_c4_121.jpg,up
v_up_c4_122.jpg,up
v_up_c4_123.jpg,up
v_up_c4_124.jpg,up
v_up_c4_125.jpg,up
v_up_c4_126.jpg,up
v_up_c4_127.jpg,up
v_up_c4_128.jpg,up
v_up_c4_129.jpg,up
v_up_c5_130.jpg,up
v_up_c5_131.jpg,up
v_up_c5_132.jpg,up
v_up_c5_133.jpg,up
v_up_c5_134.jpg,up
v_up_c5_135.jpg,up
v_up_c5_136.jpg,up
v_up_c5_137.jpg,up
v_up_c5_138.jpg,up
v_up_c5_139.jpg,up
v_up_c5_140.jpg,up
v_up_c5_141.jpg,up
v_up_c5_142.jpg,up
v_up_c5_143.jpg,up
v_up_c5_144.jpg,up
v_up_c5_145.jpg,up
v_up_c5_147.jpg,up
v_up_c5_148.jpg,up
v_up_c5_149.jpg,up
v_up_c5_150.jpg,up
v_up_c5_151.jpg,up
v_up_c5_152.jpg,up
v_up_c5_153.jpg,up
v_up_c5_154.jpg,up
v_up_c5_155.jpg,up
v_up_c6_156.jpg,up
v_up_c6_157.jpg,up
v_up_c6_158.jpg,up
v_up_c6_159.jpg,up
v_up_c6_160.jpg,up
v_up_c6_161.jpg,up
v_up_c6_162.jpg,up
v_up_c6_163.jpg,up
v_up_c6_164.jpg,up
v_up_c6_165.jpg,up
v_up_c6_166.jpg,up
v_up_c6_167.jpg,up
v_up_c6_168.jpg,up
v_up_c6_169.jpg,up
v_up_c6_170.jpg,up
v_up_c6_171.jpg,up
v_up_c6_172.jpg,up
v_up_c6_173.jpg,up
v_up_c6_174.jpg,up
v_up_c6_175.jpg,up
v_up_c6_176.jpg,up
v_up_c6_177.jpg,up
v_up_c6_178.jpg,up
v_up_c6_179.jpg,up
v_up_c6_180.jpg,up
v_up_c6_181.jpg,up
v_up_c7_182.jpg,up
v_up_c7_183.jpg,up
v_up_c7_184.jpg,up
v_up_c7_185.jpg,up
v_up_c7_186.jpg,up
v_up_c7_187.jpg,up
v_up_c7_188.jpg,up
v_up_c7_189.jpg,up
v_up_c7_190.jpg,up
v_up_c7_191.jpg,up
v_up_c7_192.jpg,up
v_up_c7_193.jpg,up
v_up_c7_194.jpg,up
v_up_c7_195.jpg,up
v_up_c7_196.jpg,up
v_up_c7_197.jpg,up
v_up_c7_198.jpg,up
v_up_c7_199.jpg,up
v_up_c7_200.jpg,up
v_up_c7_201.jpg,up
v_up_c7_202.jpg,up
v_up_c7_203.jpg,up
v_up_c7_204.jpg,up
v_up_c7_205.jpg,up
v_up_c7_206.jpg,up
v_up_c7_207.jpg,up
v_up_c8_233.jpg,up
v_up_c9_234.jpg,up
v_up_c9_235.jpg,up
v_up_c9_236.jpg,up
v_up_c9_237.jpg,up
v_up_c9_238.jpg,up
v_up_c9_239.jpg,up
v_up_c9_240.jpg,up
v_up_c9_241.jpg,up
v_up_c9_242.jpg,up
v_up_c9_243.jpg,up
v_up_c9_244.jpg,up
v_up_c9_245.jpg,up
v_up_c9_246.jpg,up
v_up_c9_247.jpg,up
v_up_c9_248.jpg,up
v_up_c9_249.jpg,up
v_up_c9_250.jpg,up
v_up_c9_251.jpg,up
v_up_c9_252.jpg,up
v_up_c9_253.jpg,up
v_up_c9_254.jpg,up
v_up_c9_255.jpg,up
v_up_c9_256.jpg,up
v_up_c9_257.jpg,up
v_up_c9_258.jpg,up
v_up_c9_259.jpg,up
v_up_c10_260.jpg,up
v_up_c10_261.jpg,up
v_up_c10_262.jpg,up
v_up_c10_263.jpg,up
v_up_c10_264.jpg,up
v_up_c10_265.jpg,up
v_up_c10_266.jpg,up
v_up_c10_267.jpg,up
v_up_c10_268.jpg,up
v_up_c10_269.jpg,up
v_up_c10_270.jpg,up
v_up_c10_271.jpg,up
v_up_c10_272.jpg,up
v_up_c10_273.jpg,up
v_up_c10_274.jpg,up
v_up_c10_275.jpg,up
v_up_c10_276.jpg,up
v_up_c10_277.jpg,up
v_up_c10_278.jpg,up
v_up_c10_279.jpg,up
v_up_c10_280.jpg,up
v_up_c10_281.jpg,up
v_up_c10_282.jpg,up
v_up_c10_283.jpg,up
